duration,protocol_type,service,flag,src_bytes,dst_bytes,land,wrong_fragment,urgent,hot,num_failed_logins,logged_in,num_compromised,root_shell,su_attempted,num_root,num_file_creations,num_shells,num_access_files,num_outbound_cmds,is_host_login,is_guest_login,count,srv_count,serror_rate,srv_serror_rate,rerror_rate,srv_rerror_rate,same_srv_rate,diff_srv_rate,srv_diff_host_rate,dst_host_count,dst_host_srv_count,dst_host_same_srv_rate,dst_host_diff_srv_rate,dst_host_same_src_port_rate,dst_host_srv_diff_host_rate,dst_host_serror_rate,dst_host_srv_serror_rate,dst_host_rerror_rate,dst_host_srv_rerror_rate,label
0,tcp,http,SF,235,1719,0,0,0,0,0,1,0,0,0,0,0,0,0,0,0,0,6,9,0.0,0.0,0.0,0.0,1.0,0.0,0.22,70,255,1.0,0.0,0.01,0.02,0.0,0.0,0.0,0.0,normal
0,tcp,echo,S0,0,0,0,0,0,0,0,0,0,0,0,0,0,0,0,0,0,0,187,19,1.0,1.0,0.0,0.0,0.1,0.09,0.0,255,19,0.07,0.1,0.0,0.0,1.0,1.0,0.0,0.0,neptune
0,udp,private,SF,105,146,0,0,0,0,0,0,0,0,0,0,0,0,0,0,0,0,2,2,0.0,0.0,0.0,0.0,1.0,0.0,0.0,19,18,0.95,0.11,0.05,0.0,0.0,0.0,0.0,0.0,snmpgetattack
0,icmp,ecr_i,SF,1008,0,0,0,0,0,0,0,0,0,0,0,0,0,0,0,0,0,17,17,0.0,0.0,0.0,0.0,1.0,0.0,0.0,255,255,1.0,0.0,1.0,0.0,0.0,0.0,0.0,0.0,smurf
0,tcp,http,SF,353,14008,0,0,0,0,0,1,0,0,0,0,0,0,0,0,0,0,19,19,0.0,0.0,0.0,0.0,1.0,0.0,0.0,255,255,1.0,0.0,0.0,0.0,0.0,0.0,0.0,0.0,normal
4,tcp,pop_3,SF,26,93,0,0,0,0,0,1,0,0,0,0,0,0,0,0,0,0,1,1,0.0,0.0,0.0,0.0,1.0,0.0,0.0,65,63,0.95,0.03,0.02,0.03,0.0,0.0,0.0,0.0,guess_passwd
0,tcp,http,SF,225,3447,0,0,0,0,0,1,0,0,0,0,0,0,0,0,0,0,3,3,0.0,0.0,0.0,0.0,1.0,0.0,0.0,3,255,1.0,0.0,0.33,0.03,0.0,0.0,0.0,0.0,normal
0,tcp,ftp_data,SF,77332,0,0,0,0,0,0,0,0,0,0,0,0,0,0,0,0,0,1,1,0.0,0.0,0.0,0.0,1.0,0.0,0.0,20,37,0.2,0.1,0.2,0.05,0.0,0.0,0.0,0.0,normal
0,tcp,telnet,REJ,0,0,0,0,0,0,0,0,0,0,0,0,0,0,0,0,0,0,3,13,0.0,0.08,0.67,0.62,0.67,0.67,0.69,62,88,0.32,0.08,0.02,0.02,0.03,0.0,0.87,0.67,mscan
0,tcp,http,SF,217,379,0,0,0,0,0,1,0,0,0,0,0,0,0,0,0,0,1,1,0.0,0.0,0.0,0.0,1.0,0.0,0.0,62,255,1.0,0.0,0.02,0.02,0.0,0.0,0.0,0.0,normal
0,tcp,private,REJ,0,0,0,0,0,0,0,0,0,0,0,0,0,0,0,0,0,0,90,16,0.0,0.0,1.0,1.0,0.18,0.06,0.0,255,16,0.06,0.05,0.0,0.0,0.0,0.0,1.0,1.0,neptune
0,tcp,http,SF,331,480,0,0,0,0,0,1,0,0,0,0,0,0,0,0,0,0,10,23,0.0,0.0,0.0,0.0,1.0,0.0,0.13,255,255,1.0,0.0,0.0,0.0,0.0,0.0,0.0,0.0,normal
0,tcp,private,SH,0,0,0,0,0,0,0,0,0,0,0,0,0,0,0,0,0,0,1,1,1.0,1.0,0.0,0.0,1.0,0.0,0.0,51,1,0.02,1.0,1.0,0.0,1.0,1.0,0.0,0.0,nmap
0,icmp,eco_i,SF,20,0,0,0,0,0,0,0,0,0,0,0,0,0,0,0,0,0,1,67,0.0,0.0,0.0,0.0,1.0,0.0,1.0,2,146,1.0,0.0,1.0,0.25,0.0,0.0,0.0,0.0,saint
0,tcp,http,SF,213,1986,0,0,0,0,0,1,0,0,0,0,0,0,0,0,0,0,6,21,0.0,0.0,0.0,0.0,1.0,0.0,0.19,33,255,1.0,0.0,0.03,0.04,0.0,0.0,0.0,0.0,normal
0,tcp,private,REJ,0,0,0,0,0,0,0,0,0,0,0,0,0,0,0,0,0,0,232,10,0.0,0.0,1.0,1.0,0.04,0.06,0.0,255,10,0.04,0.07,0.0,0.0,0.0,0.0,1.0,1.0,neptune
0,tcp,http,SF,334,276,0,0,0,0,0,1,0,0,0,0,0,0,0,0,0,0,3,3,0.0,0.0,0.0,0.0,1.0,0.0,0.0,255,245,0.96,0.01,0.0,0.0,0.0,0.0,0.0,0.0,normal
0,udp,domain_u,SF,44,44,0,0,0,0,0,0,0,0,0,0,0,0,0,0,0,0,4,7,0.0,0.0,0.0,0.0,1.0,0.0,0.29,255,234,0.92,0.01,0.01,0.0,0.0,0.0,0.04,0.0,normal
280,tcp,ftp_data,SF,283618,0,0,0,0,0,0,0,0,0,0,0,0,0,0,0,0,0,2,2,0.0,0.0,0.0,0.0,1.0,0.0,0.0,4,14,1.0,0.0,1.0,0.21,0.0,0.0,0.0,0.0,warezmaster
0,tcp,private,REJ,0,0,0,0,0,0,0,0,0,0,0,0,0,0,0,0,0,0,292,13,0.0,0.0,1.0,1.0,0.04,0.06,0.0,255,13,0.05,0.07,0.0,0.0,0.0,0.0,1.0,1.0,neptune
0,tcp,other,REJ,0,0,0,0,0,0,0,0,0,0,0,0,0,0,0,0,0,0,460,1,0.03,0.0,0.97,1.0,0.0,1.0,0.0,255,1,0.0,1.0,0.0,0.0,0.06,0.0,0.94,1.0,satan
0,icmp,ecr_i,SF,1032,0,0,0,0,0,0,0,0,0,0,0,0,0,0,0,0,0,235,235,0.0,0.0,0.0,0.0,1.0,0.0,0.0,255,255,1.0,0.0,1.0,0.0,0.0,0.0,0.0,0.0,smurf
0,tcp,other,REJ,0,0,0,0,0,0,0,0,0,0,0,0,0,0,0,0,0,0,487,1,0.12,0.0,0.88,1.0,0.0,1.0,0.0,255,1,0.0,1.0,0.0,0.0,0.13,0.0,0.87,1.0,satan
0,tcp,private,S0,0,0,0,0,0,0,0,0,0,0,0,0,0,0,0,0,0,0,138,5,1.0,1.0,0.0,0.0,0.04,0.09,0.0,255,5,0.02,0.09,0.0,0.0,1.0,1.0,0.0,0.0,neptune
0,udp,domain_u,SF,45,132,0,0,0,0,0,0,0,0,0,0,0,0,0,0,0,0,73,153,0.0,0.0,0.0,0.0,1.0,0.0,0.01,255,240,0.94,0.01,0.0,0.0,0.0,0.0,0.0,0.0,normal
0,tcp,http,SF,339,7919,0,0,0,0,0,1,0,0,0,0,0,0,0,0,0,0,9,9,0.0,0.0,0.0,0.0,1.0,0.0,0.0,255,255,1.0,0.0,0.0,0.0,0.0,0.0,0.0,0.0,normal
0,tcp,http,SF,203,6864,0,0,0,0,0,1,0,0,0,0,0,0,0,0,0,0,4,5,0.0,0.0,0.0,0.0,1.0,0.0,0.4,81,255,1.0,0.0,0.01,0.02,0.0,0.0,0.0,0.0,normal
0,tcp,http,SF,259,1175,0,0,0,0,0,1,0,0,0,0,0,0,0,0,0,0,9,10,0.0,0.0,0.0,0.0,1.0,0.0,0.2,41,255,1.0,0.0,0.02,0.03,0.0,0.0,0.0,0.0,normal
0,udp,domain_u,SF,45,45,0,0,0,0,0,0,0,0,0,0,0,0,0,0,0,0,122,201,0.0,0.0,0.0,0.0,1.0,0.0,0.01,255,255,1.0,0.0,0.01,0.0,0.0,0.0,0.0,0.0,normal
0,tcp,http,SF,345,9712,0,0,0,0,0,1,0,0,0,0,0,0,0,0,0,0,4,24,0.0,0.0,0.0,0.0,1.0,0.0,0.08,44,255,1.0,0.0,0.02,0.05,0.0,0.0,0.0,0.0,normal
0,udp,private,SF,53,51,0,0,0,0,0,0,0,0,0,0,0,0,0,0,0,0,505,505,0.0,0.0,0.0,0.0,1.0,0.0,0.0,255,255,1.0,0.0,0.93,0.0,0.0,0.0,0.0,0.0,normal
0,tcp,private,S0,0,0,0,0,0,0,0,0,0,0,0,0,0,0,0,0,0,0,128,16,1.0,1.0,0.0,0.0,0.12,0.06,0.0,255,16,0.06,0.07,0.0,0.0,1.0,1.0,0.0,0.0,neptune
0,tcp,other,REJ,0,0,0,0,0,0,0,0,0,0,0,0,0,0,0,0,0,0,458,1,0.14,0.0,0.86,1.0,0.0,1.0,0.0,255,1,0.0,0.92,0.0,0.0,0.13,0.0,0.87,1.0,satan
0,tcp,http,SF,167,13249,0,0,0,0,0,1,0,0,0,0,0,0,0,0,0,0,1,18,0.0,0.0,0.0,0.0,1.0,0.0,0.17,141,255,1.0,0.0,0.01,0.02,0.0,0.0,0.0,0.0,normal
781,tcp,http,RSTR,79864,0,0,0,0,0,0,1,0,0,0,0,0,0,0,0,0,0,1,1,0.0,0.0,1.0,1.0,1.0,0.0,0.0,230,227,0.99,0.01,0.0,0.0,0.0,0.0,0.02,0.02,apache2
0,tcp,http,SF,150,13363,0,0,0,0,0,1,0,0,0,0,0,0,0,0,0,0,1,1,0.0,0.0,0.0,0.0,1.0,0.0,0.0,1,172,1.0,0.0,1.0,0.06,0.0,0.0,0.0,0.0,normal
0,tcp,http,SF,238,1554,0,0,0,0,0,1,0,0,0,0,0,0,0,0,0,0,3,3,0.0,0.0,0.0,0.0,1.0,0.0,0.0,24,249,1.0,0.0,0.04,0.04,0.0,0.0,0.0,0.0,normal
0,tcp,other,REJ,0,0,0,0,0,0,0,0,0,0,0,0,0,0,0,0,0,0,458,1,0.14,0.0,0.86,1.0,0.0,1.0,0.0,255,1,0.0,0.93,0.0,0.0,0.13,0.0,0.87,1.0,satan
0,tcp,http,SF,289,1743,0,0,0,0,0,1,0,0,0,0,0,0,0,0,0,0,9,13,0.0,0.0,0.0,0.0,1.0,0.0,0.23,255,255,1.0,0.0,0.0,0.0,0.0,0.0,0.0,0.0,normal
0,tcp,ftp_data,SF,687,0,0,0,0,0,0,0,0,0,0,0,0,0,0,0,0,0,1,1,0.0,0.0,0.0,0.0,1.0,0.0,0.0,176,42,0.24,0.03,0.24,0.0,0.0,0.0,0.01,0.0,normal
8035,tcp,telnet,SF,0,44,0,0,0,0,0,0,0,0,0,0,0,0,0,0,0,0,1,1,0.0,0.0,0.0,0.0,1.0,0.0,0.0,255,96,0.38,0.02,0.0,0.0,0.62,0.45,0.01,0.01,processtable
0,udp,domain_u,SF,45,45,0,0,0,0,0,0,0,0,0,0,0,0,0,0,0,0,2,3,0.0,0.0,0.0,0.0,1.0,0.0,0.67,255,232,0.91,0.01,0.01,0.0,0.0,0.0,0.05,0.0,normal
0,tcp,ftp,SF,26,157,0,0,0,0,1,0,0,0,0,0,0,0,0,0,0,1,1,1,0.0,0.0,0.0,0.0,1.0,0.0,0.0,179,85,0.47,0.03,0.01,0.0,0.0,0.0,0.0,0.0,guess_passwd
0,tcp,courier,REJ,0,0,0,0,0,0,0,0,0,0,0,0,0,0,0,0,0,0,137,14,0.0,0.0,1.0,1.0,0.1,0.06,0.0,255,14,0.05,0.06,0.0,0.0,0.0,0.0,1.0,1.0,neptune
0,tcp,http,SF,196,763,0,0,0,0,0,1,0,0,0,0,0,0,0,0,0,0,1,9,0.0,0.11,0.0,0.0,1.0,0.0,0.22,21,255,1.0,0.0,0.05,0.01,0.0,0.0,0.0,0.0,normal
0,icmp,ecr_i,SF,1008,0,0,0,0,0,0,0,0,0,0,0,0,0,0,0,0,0,334,334,0.0,0.0,0.0,0.0,1.0,0.0,0.0,255,255,1.0,0.0,1.0,0.0,0.0,0.0,0.0,0.0,smurf
0,tcp,http,SF,261,396,0,0,0,0,0,1,0,0,0,0,0,0,0,0,0,0,12,12,0.0,0.0,0.0,0.0,1.0,0.0,0.0,255,255,1.0,0.0,0.0,0.0,0.0,0.0,0.0,0.0,normal
0,tcp,http,SF,321,3542,0,0,0,0,0,1,0,0,0,0,0,0,0,0,0,0,2,2,0.0,0.0,0.0,0.0,1.0,0.0,0.0,255,255,1.0,0.0,0.0,0.0,0.0,0.0,0.0,0.0,normal
0,tcp,http,SF,286,4798,0,0,0,0,0,1,0,0,0,0,0,0,0,0,0,0,3,3,0.0,0.0,0.0,0.0,1.0,0.0,0.0,104,255,1.0,0.0,0.01,0.03,0.0,0.0,0.0,0.0,normal
0,udp,private,SF,1,0,0,0,0,0,0,0,0,0,0,0,0,0,0,0,0,0,104,8,0.0,0.0,0.0,0.0,0.08,0.78,0.0,255,15,0.06,0.56,0.88,0.0,0.0,0.0,0.12,0.0,normal
0,icmp,ecr_i,SF,520,0,0,0,0,0,0,0,0,0,0,0,0,0,0,0,0,0,511,511,0.0,0.0,0.0,0.0,1.0,0.0,0.0,147,149,1.0,0.0,1.0,0.01,0.0,0.0,0.0,0.0,smurf
0,tcp,http,SF,261,33950,0,0,0,0,0,1,0,0,0,0,0,0,0,0,0,0,4,4,0.0,0.0,0.0,0.0,1.0,0.0,0.0,255,255,1.0,0.0,0.0,0.0,0.0,0.0,0.0,0.0,normal
0,tcp,http,SF,185,3020,0,0,0,0,0,1,0,0,0,0,0,0,0,0,0,0,5,5,0.0,0.0,0.0,0.0,1.0,0.0,0.0,240,255,1.0,0.0,0.0,0.01,0.0,0.0,0.0,0.0,normal
4,tcp,pop_3,SF,28,93,0,0,0,0,0,1,0,0,0,0,0,0,0,0,0,0,1,1,0.0,0.0,0.0,0.0,1.0,0.0,0.0,255,150,0.59,0.02,0.0,0.0,0.0,0.0,0.14,0.0,guess_passwd
0,icmp,ecr_i,SF,1008,0,0,0,0,0,0,0,0,0,0,0,0,0,0,0,0,0,191,191,0.0,0.0,0.0,0.0,1.0,0.0,0.0,255,255,1.0,0.0,1.0,0.0,0.0,0.0,0.0,0.0,smurf
0,icmp,eco_i,SF,18,0,0,0,0,0,0,0,0,0,0,0,0,0,0,0,0,0,1,1,0.0,0.0,0.0,0.0,1.0,0.0,0.0,1,80,1.0,0.0,1.0,1.0,0.0,0.0,0.0,0.0,ipsweep
0,tcp,private,S0,0,0,0,0,0,0,0,0,0,0,0,0,0,0,0,0,0,0,250,12,1.0,1.0,0.0,0.0,0.05,0.06,0.0,255,12,0.05,0.07,0.0,0.0,1.0,1.0,0.0,0.0,neptune
0,tcp,http,SF,221,2183,0,0,0,0,0,1,0,0,0,0,0,0,0,0,0,0,1,1,0.0,0.0,0.0,0.0,1.0,0.0,0.0,1,255,1.0,0.0,1.0,0.02,0.0,0.0,0.0,0.0,normal
0,tcp,http,REJ,0,0,0,0,0,0,0,0,0,0,0,0,0,0,0,0,0,0,244,10,0.0,0.0,1.0,1.0,0.04,0.07,0.0,255,10,0.04,0.07,0.0,0.0,0.0,0.0,1.0,1.0,neptune
0,udp,private,SF,105,146,0,0,0,0,0,0,0,0,0,0,0,0,0,0,0,0,2,2,0.0,0.0,0.0,0.0,1.0,0.0,0.0,128,128,1.0,0.0,0.01,0.0,0.0,0.0,0.0,0.0,normal
0,udp,private,SF,44,44,0,0,0,0,0,0,0,0,0,0,0,0,0,0,0,0,3,3,0.0,0.0,0.0,0.0,1.0,0.0,0.0,255,254,1.0,0.01,0.01,0.0,0.0,0.0,0.0,0.0,snmpguess
0,tcp,http,SF,0,1452,0,0,0,0,0,0,0,0,0,0,0,0,0,0,0,0,4,10,0.25,0.1,0.0,0.0,1.0,0.0,0.2,253,255,1.0,0.0,0.0,0.01,0.0,0.0,0.0,0.0,normal
0,tcp,other,REJ,0,0,0,0,0,0,0,0,0,0,0,0,0,0,0,0,0,0,467,1,0.08,0.0,0.92,1.0,0.0,1.0,0.0,255,1,0.0,1.0,0.0,0.0,0.07,0.0,0.93,1.0,satan
4,tcp,pop_3,SF,30,93,0,0,0,0,0,1,0,0,0,0,0,0,0,0,0,0,1,1,0.0,0.0,0.0,0.0,1.0,0.0,0.0,255,244,0.96,0.04,0.0,0.0,0.0,0.0,0.0,0.0,guess_passwd
0,tcp,private,REJ,0,0,0,0,0,0,0,0,0,0,0,0,0,0,0,0,0,0,236,18,0.0,0.0,1.0,1.0,0.08,0.07,0.0,255,18,0.07,0.07,0.0,0.0,0.0,0.0,1.0,1.0,neptune
0,tcp,http,SF,311,1943,0,0,0,0,0,1,0,0,0,0,0,0,0,0,0,0,4,4,0.0,0.0,0.0,0.0,1.0,0.0,0.0,78,255,1.0,0.0,0.01,0.02,0.0,0.0,0.0,0.0,normal
0,udp,domain_u,SF,46,78,0,0,0,0,0,0,0,0,0,0,0,0,0,0,0,0,181,184,0.0,0.0,0.0,0.0,1.0,0.0,0.02,255,255,1.0,0.0,0.0,0.0,0.0,0.0,0.0,0.0,normal
0,tcp,http,SF,294,1785,0,0,0,0,0,1,0,0,0,0,0,0,0,0,0,0,7,7,0.0,0.0,0.0,0.0,1.0,0.0,0.0,7,255,1.0,0.0,0.14,0.05,0.0,0.0,0.0,0.0,normal
0,tcp,http,SF,299,2672,0,0,0,0,0,1,0,0,0,0,0,0,0,0,0,0,18,18,0.0,0.0,0.0,0.0,1.0,0.0,0.0,255,255,1.0,0.0,0.0,0.0,0.0,0.0,0.0,0.0,normal
0,tcp,http,SF,303,480,0,0,0,0,0,1,0,0,0,0,0,0,0,0,0,0,11,11,0.0,0.0,0.0,0.0,1.0,0.0,0.0,83,255,1.0,0.0,0.01,0.02,0.0,0.0,0.0,0.0,normal
0,tcp,http,SF,295,2326,0,0,0,0,0,1,0,0,0,0,0,0,0,0,0,0,10,10,0.0,0.0,0.0,0.0,1.0,0.0,0.0,10,10,1.0,0.0,0.1,0.0,0.0,0.0,0.0,0.0,normal
0,tcp,private,REJ,0,0,0,0,0,0,0,0,0,0,0,0,0,0,0,0,0,0,510,1,0.05,0.0,0.93,1.0,0.0,1.0,0.0,255,1,0.0,1.0,0.0,0.0,0.02,0.0,0.94,1.0,satan
4,tcp,pop_3,SF,28,103,0,0,0,0,0,1,0,0,0,0,0,0,0,0,0,0,1,1,0.0,0.0,0.0,0.0,1.0,0.0,0.0,255,214,0.84,0.02,0.0,0.0,0.0,0.0,0.04,0.01,guess_passwd
0,tcp,http,SF,341,5525,0,0,0,0,0,1,0,0,0,0,0,0,0,0,0,0,3,8,0.0,0.0,0.0,0.0,1.0,0.0,0.38,7,255,1.0,0.0,0.14,0.04,0.0,0.0,0.0,0.0,normal
21,tcp,ftp,SF,237,763,0,0,0,4,0,1,0,0,0,0,0,0,0,0,0,1,2,1,0.0,0.0,0.0,0.0,0.5,1.0,0.0,255,68,0.27,0.03,0.0,0.0,0.01,0.03,0.01,0.0,normal
0,tcp,private,REJ,0,0,0,0,0,0,0,0,0,0,0,0,0,0,0,0,0,0,233,12,0.0,0.0,1.0,1.0,0.05,0.07,0.0,255,12,0.05,0.07,0.0,0.0,0.0,0.0,1.0,1.0,neptune
0,tcp,Z39_50,S0,0,0,0,0,0,0,0,0,0,0,0,0,0,0,0,0,0,0,143,5,1.0,1.0,0.0,0.0,0.03,0.1,0.0,255,5,0.02,0.09,0.0,0.0,1.0,1.0,0.0,0.0,neptune
0,tcp,http,SF,197,1674,0,0,0,0,0,1,0,0,0,0,0,0,0,0,0,0,3,5,0.0,0.0,0.0,0.0,1.0,0.0,0.4,255,255,1.0,0.0,0.0,0.0,0.0,0.0,0.0,0.0,normal
0,udp,private,SF,1,1,0,0,0,0,0,0,0,0,0,0,0,0,0,0,0,0,24,1,0.0,0.0,0.0,0.0,0.04,0.88,0.0,255,1,0.0,0.69,0.98,0.0,0.0,0.0,0.02,0.0,satan
0,tcp,telnet,SF,124,174,0,0,0,0,1,0,0,0,0,0,0,0,0,0,0,0,1,1,0.0,0.0,0.0,0.0,1.0,0.0,0.0,255,255,1.0,0.0,0.0,0.0,0.0,0.0,0.02,0.02,guess_passwd
0,tcp,http,SF,146,12716,0,0,0,0,0,1,0,0,0,0,0,0,0,0,0,0,15,20,0.0,0.0,0.0,0.0,1.0,0.0,0.15,173,255,1.0,0.0,0.01,0.02,0.0,0.0,0.0,0.0,normal
0,tcp,http,REJ,0,0,0,0,0,0,0,0,0,0,0,0,0,0,0,0,0,0,3,2,0.0,0.0,1.0,1.0,0.67,0.67,0.0,255,56,0.22,0.11,0.0,0.0,0.0,0.0,1.0,1.0,neptune
0,tcp,http,SF,310,1512,0,0,0,0,0,1,0,0,0,0,0,0,0,0,0,0,13,13,0.0,0.0,0.0,0.0,1.0,0.0,0.0,246,255,1.0,0.0,0.0,0.01,0.0,0.0,0.0,0.0,normal
0,udp,domain_u,SF,36,0,0,0,0,0,0,0,0,0,0,0,0,0,0,0,0,0,11,20,0.0,0.0,0.0,0.0,1.0,0.0,0.2,11,141,1.0,0.0,1.0,0.02,0.0,0.0,0.0,0.0,normal
0,tcp,private,REJ,0,0,0,0,0,0,0,0,0,0,0,0,0,0,0,0,0,0,105,1,0.02,0.0,0.98,1.0,0.01,0.88,0.0,114,1,0.01,0.82,0.92,0.0,0.02,0.0,0.9,1.0,portsweep
0,tcp,http,SF,221,18217,0,0,0,0,0,1,0,0,0,0,0,0,0,0,0,0,38,39,0.0,0.0,0.0,0.0,1.0,0.0,0.05,255,255,1.0,0.0,0.01,0.0,0.0,0.0,0.0,0.0,normal
0,tcp,sunrpc,REJ,0,0,0,0,0,0,0,0,0,0,0,0,0,0,0,0,0,0,1,4,0.0,0.0,1.0,1.0,1.0,0.0,1.0,81,11,0.14,0.06,0.01,0.0,0.01,0.0,0.85,1.0,mscan
282,tcp,ftp,SF,162,597,0,0,0,2,0,1,0,0,0,0,0,0,0,0,0,1,1,1,0.0,0.0,0.0,0.0,1.0,0.0,0.0,10,8,0.8,0.2,0.1,0.0,0.0,0.0,0.0,0.0,warezmaster
0,icmp,urp_i,SF,36,0,0,0,0,0,0,0,0,0,0,0,0,0,0,0,0,0,1,1,0.0,0.0,0.0,0.0,1.0,0.0,0.0,65,20,0.31,0.12,0.31,0.0,0.03,0.0,0.0,0.0,normal
0,tcp,http,SF,218,5602,0,0,0,0,0,1,0,0,0,0,0,0,0,0,0,0,25,29,0.0,0.0,0.0,0.0,1.0,0.0,0.1,105,255,1.0,0.0,0.01,0.02,0.0,0.0,0.0,0.0,normal
0,tcp,http,SF,54540,8314,0,0,0,2,0,1,1,0,0,0,0,0,0,0,0,0,5,16,0.0,0.0,0.0,0.0,1.0,0.0,0.12,255,248,0.97,0.01,0.0,0.0,0.0,0.0,0.06,0.06,back
0,tcp,http,SF,205,2120,0,0,0,0,0,1,0,0,0,0,0,0,0,0,0,0,7,14,0.0,0.0,0.0,0.0,1.0,0.0,0.14,255,255,1.0,0.0,0.0,0.0,0.0,0.0,0.0,0.0,normal
0,tcp,http_443,REJ,0,0,0,0,0,0,0,0,0,0,0,0,0,0,0,0,0,0,2,1,0.0,0.0,1.0,1.0,0.5,1.0,0.0,255,1,0.0,0.87,0.85,0.0,0.0,0.0,0.86,1.0,portsweep
0,tcp,private,REJ,0,0,0,0,0,0,0,0,0,0,0,0,0,0,0,0,0,0,287,17,0.16,0.0,0.84,1.0,0.06,0.06,0.0,255,17,0.07,0.06,0.0,0.0,0.13,0.0,0.87,1.0,neptune
20,tcp,ftp,SF,241,769,0,0,0,4,0,1,0,0,0,0,0,0,0,0,0,1,1,1,0.0,0.0,0.0,0.0,1.0,0.0,0.0,171,73,0.42,0.04,0.01,0.03,0.0,0.0,0.01,0.01,normal
0,tcp,http,SF,292,15426,0,0,0,0,0,1,0,0,0,0,0,0,0,0,0,0,4,6,0.0,0.17,0.0,0.0,1.0,0.0,0.33,45,255,1.0,0.0,0.02,0.03,0.0,0.0,0.0,0.0,normal
282,tcp,ftp,SF,158,597,0,0,0,2,0,1,0,0,0,0,0,0,0,0,0,1,1,1,0.0,0.0,0.0,0.0,1.0,0.0,0.0,196,64,0.33,0.04,0.01,0.0,0.0,0.0,0.0,0.0,warezmaster
0,icmp,ecr_i,SF,1008,0,0,0,0,0,0,0,0,0,0,0,0,0,0,0,0,0,103,103,0.0,0.0,0.0,0.0,1.0,0.0,0.0,255,255,1.0,0.0,1.0,0.0,0.0,0.0,0.0,0.0,smurf
0,tcp,ftp_data,SF,245,0,0,0,0,0,0,0,0,0,0,0,0,0,0,0,0,0,2,2,0.0,0.0,0.0,0.0,1.0,0.0,0.0,88,16,0.14,0.06,0.14,0.12,0.0,0.0,0.03,0.0,normal
133,tcp,http,SF,338,1530,0,0,0,0,0,1,0,0,0,0,0,0,0,0,0,0,11,24,0.0,0.0,0.0,0.0,1.0,0.0,0.12,255,255,1.0,0.0,0.0,0.0,0.0,0.0,0.0,0.0,normal
0,tcp,private,REJ,0,0,0,0,0,0,0,0,0,0,0,0,0,0,0,0,0,0,273,3,0.0,0.0,1.0,1.0,0.01,0.06,0.0,255,3,0.01,0.06,0.0,0.0,0.0,0.0,1.0,1.0,neptune
0,tcp,other,SF,267,0,0,0,0,0,0,0,0,0,0,0,0,0,0,0,0,0,4,2,0.0,0.0,0.0,0.0,0.5,0.5,0.0,255,14,0.05,0.01,0.0,0.0,0.0,0.0,0.03,0.57,httptunnel
0,udp,domain_u,SF,30,0,0,0,0,0,0,0,0,0,0,0,0,0,0,0,0,0,1,2,0.0,0.0,0.0,0.0,1.0,0.0,1.0,255,31,0.12,0.02,0.12,0.0,0.0,0.0,0.0,0.0,normal
26,tcp,ftp,SF,80,314,0,0,0,1,0,1,0,0,0,0,1,0,0,0,1,0,1,1,0.0,0.0,0.0,0.0,1.0,0.0,0.0,1,1,1.0,0.0,1.0,0.0,0.0,0.0,0.0,0.0,multihop
0,tcp,http,SF,212,882,0,0,0,0,0,1,0,0,0,0,0,0,0,0,0,0,33,33,0.0,0.0,0.0,0.0,1.0,0.0,0.0,33,255,1.0,0.0,0.03,0.02,0.0,0.0,0.0,0.0,normal
0,tcp,http,SF,217,676,0,0,0,0,0,1,0,0,0,0,0,0,0,0,0,0,17,18,0.0,0.0,0.0,0.0,1.0,0.0,0.11,255,255,1.0,0.0,0.0,0.0,0.0,0.0,0.0,0.0,normal
0,tcp,http,SF,309,2033,0,0,0,0,0,1,0,0,0,0,0,0,0,0,0,0,3,5,0.0,0.0,0.0,0.0,1.0,0.0,0.6,28,254,1.0,0.0,0.04,0.04,0.0,0.0,0.0,0.0,normal
280,tcp,ftp_data,SF,283618,0,0,0,0,0,0,0,0,0,0,0,0,0,0,0,0,0,2,2,0.0,0.0,0.0,0.0,1.0,0.0,0.0,3,4,0.67,0.67,0.67,0.5,0.0,0.0,0.0,0.0,warezmaster
0,tcp,http,RSTR,54540,8314,0,0,0,2,0,1,1,0,0,0,0,0,0,0,0,0,2,2,0.0,0.0,0.5,0.5,1.0,0.0,0.0,255,253,0.99,0.01,0.0,0.0,0.0,0.0,0.07,0.07,back
282,tcp,ftp,SF,157,593,0,0,0,2,0,1,0,0,0,0,0,0,0,0,0,1,1,1,0.0,0.0,0.0,0.0,1.0,0.0,0.0,255,94,0.37,0.03,0.0,0.0,0.0,0.0,0.0,0.0,warezmaster
0,tcp,http,SF,165,2631,0,0,0,0,0,1,0,0,0,0,0,0,0,0,0,0,8,9,0.0,0.0,0.0,0.0,1.0,0.0,0.22,29,255,1.0,0.0,0.03,0.02,0.0,0.0,0.0,0.0,normal
0,tcp,http,SF,175,3200,0,0,0,0,0,1,0,0,0,0,0,0,0,0,0,0,1,2,0.0,0.0,0.0,0.0,1.0,0.0,1.0,20,255,1.0,0.0,0.05,0.02,0.05,0.0,0.0,0.0,normal
0,tcp,other,REJ,0,0,0,0,0,0,0,0,0,0,0,0,0,0,0,0,0,0,491,1,0.1,0.0,0.9,1.0,0.0,1.0,0.0,255,1,0.0,1.0,0.0,0.0,0.07,0.0,0.93,1.0,saint
0,icmp,ecr_i,SF,508,0,0,0,0,0,0,0,0,0,0,0,0,0,0,0,0,0,511,511,0.0,0.0,0.0,0.0,1.0,0.0,0.0,177,54,0.31,0.03,0.31,0.0,0.0,0.0,0.63,0.0,smurf
0,udp,private,SF,46,43,0,0,0,0,0,0,0,0,0,0,0,0,0,0,0,0,121,121,0.0,0.0,0.0,0.0,1.0,0.0,0.0,255,255,1.0,0.0,0.47,0.0,0.0,0.0,0.0,0.0,normal
0,tcp,telnet,SF,125,174,0,0,0,0,1,0,0,0,0,0,0,0,0,0,0,0,1,1,0.0,0.0,0.0,0.0,1.0,0.0,0.0,255,247,0.97,0.01,0.0,0.0,0.0,0.0,0.02,0.02,guess_passwd
0,tcp,http_443,REJ,0,0,0,0,0,0,0,0,0,0,0,0,0,0,0,0,0,0,112,12,0.0,0.0,1.0,1.0,0.11,0.05,0.0,255,12,0.05,0.05,0.0,0.0,0.0,0.0,1.0,1.0,neptune
281,tcp,ftp,SF,162,597,0,0,0,2,0,1,0,0,0,0,0,0,0,0,0,1,1,1,0.0,0.0,0.0,0.0,1.0,0.0,0.0,255,15,0.06,0.8,0.0,0.0,0.0,0.07,0.76,0.0,warezmaster
0,tcp,http,SF,205,177,0,0,0,0,0,1,0,0,0,0,0,0,0,0,0,0,7,7,0.0,0.0,0.0,0.0,1.0,0.0,0.0,66,125,1.0,0.0,0.02,0.03,0.0,0.0,0.0,0.0,normal
0,tcp,http,SF,201,537,0,0,0,0,0,1,0,0,0,0,0,0,0,0,0,0,11,11,0.0,0.0,0.0,0.0,1.0,0.0,0.0,11,255,1.0,0.0,0.09,0.02,0.0,0.0,0.0,0.0,normal
0,udp,domain_u,SF,42,42,0,0,0,0,0,0,0,0,0,0,0,0,0,0,0,0,5,8,0.0,0.0,0.0,0.0,1.0,0.0,0.25,20,20,1.0,0.0,0.05,0.0,0.0,0.0,0.0,0.0,normal
0,tcp,ftp_data,SF,1296,0,0,0,0,0,0,0,0,0,0,0,0,0,0,0,0,0,1,1,0.0,0.0,0.0,0.0,1.0,0.0,0.0,124,22,0.18,0.02,0.18,0.0,0.0,0.0,0.0,0.0,normal
7432,tcp,telnet,SF,0,44,0,0,0,0,0,0,0,0,0,0,0,0,0,0,0,0,1,1,0.0,0.0,0.0,0.0,1.0,0.0,0.0,255,216,0.85,0.03,0.0,0.0,0.33,0.39,0.12,0.06,processtable
0,tcp,telnet,S3,0,44,0,0,0,0,0,0,0,0,0,0,0,0,0,0,0,0,1,1,1.0,1.0,0.0,0.0,1.0,0.0,0.0,255,135,0.53,0.43,0.0,0.0,0.42,0.79,0.42,0.01,processtable
30,tcp,ftp,SF,865,2586,0,0,0,18,0,1,0,0,0,0,0,0,0,0,0,1,1,1,0.0,0.0,0.0,0.0,1.0,0.0,0.0,57,30,0.53,0.07,0.02,0.0,0.0,0.0,0.0,0.0,normal
0,tcp,private,REJ,0,0,0,0,0,0,0,0,0,0,0,0,0,0,0,0,0,0,206,17,0.0,0.0,1.0,1.0,0.08,0.06,0.0,255,17,0.07,0.06,0.0,0.0,0.0,0.0,1.0,1.0,neptune
0,tcp,http,SF,339,454,0,0,0,0,0,1,0,0,0,0,0,0,0,0,0,0,10,10,0.0,0.0,0.0,0.0,1.0,0.0,0.0,255,255,1.0,0.0,0.0,0.0,0.0,0.0,0.0,0.0,normal
7220,tcp,telnet,SF,0,44,0,0,0,0,0,0,0,0,0,0,0,0,0,0,0,0,1,1,0.0,0.0,0.0,0.0,1.0,0.0,0.0,255,248,0.97,0.02,0.0,0.0,0.33,0.34,0.04,0.02,processtable
0,tcp,private,REJ,0,0,0,0,0,0,0,0,0,0,0,0,0,0,0,0,0,0,221,3,0.0,0.0,1.0,1.0,0.01,0.07,0.0,255,3,0.01,0.08,0.0,0.0,0.0,0.0,1.0,1.0,neptune
0,icmp,urp_i,SF,36,0,0,0,0,0,0,0,0,0,0,0,0,0,0,0,0,0,1,1,0.0,0.0,0.0,0.0,1.0,0.0,0.0,255,81,0.32,0.03,0.32,0.0,0.0,0.0,0.01,0.0,normal
0,tcp,http,SF,212,15171,0,0,0,0,0,1,0,0,0,0,0,0,0,0,0,0,6,7,0.0,0.0,0.0,0.0,1.0,0.0,0.29,7,247,1.0,0.0,0.14,0.04,0.0,0.0,0.0,0.0,normal
0,tcp,private,REJ,0,0,0,0,0,0,0,0,0,0,0,0,0,0,0,0,0,0,205,8,0.0,0.0,1.0,1.0,0.04,0.07,0.0,255,8,0.03,0.08,0.0,0.0,0.01,0.0,0.99,1.0,neptune
8108,tcp,telnet,SF,0,15,0,0,0,0,0,0,0,0,0,0,0,0,0,0,0,0,1,1,0.0,0.0,0.0,0.0,1.0,0.0,0.0,255,83,0.33,0.02,0.0,0.0,0.67,0.54,0.01,0.02,processtable
0,tcp,http,SF,338,331,0,0,0,0,0,1,0,0,0,0,0,0,0,0,0,0,10,25,0.0,0.0,0.0,0.0,1.0,0.0,0.16,255,255,1.0,0.0,0.0,0.0,0.0,0.0,0.0,0.0,normal
0,tcp,http,SF,218,983,0,0,0,0,0,1,0,0,0,0,0,0,0,0,0,0,18,18,0.06,0.06,0.0,0.0,1.0,0.0,0.0,255,255,1.0,0.0,0.0,0.0,0.01,0.01,0.0,0.0,normal
0,tcp,hostnames,REJ,0,0,0,0,0,0,0,0,0,0,0,0,0,0,0,0,0,0,293,13,0.0,0.0,1.0,1.0,0.04,0.05,0.0,255,13,0.05,0.06,0.0,0.0,0.0,0.0,1.0,1.0,neptune
0,tcp,telnet,SF,121,174,0,0,0,0,1,0,0,0,0,0,0,0,0,0,0,0,1,1,0.0,0.0,0.0,0.0,1.0,0.0,0.0,255,28,0.11,0.02,0.0,0.0,0.0,0.0,0.0,0.04,guess_passwd
281,tcp,ftp,SF,155,591,0,0,0,2,0,1,0,0,0,0,0,0,0,0,0,1,1,1,0.0,0.0,0.0,0.0,1.0,0.0,0.0,255,126,0.49,0.03,0.0,0.0,0.0,0.0,0.0,0.0,warezmaster
0,tcp,telnet,RSTO,0,15,0,0,0,0,0,0,0,0,0,0,0,0,0,0,0,0,1,1,0.0,0.0,1.0,1.0,1.0,0.0,0.0,201,88,0.33,0.02,0.0,0.02,0.0,0.0,0.88,0.64,mscan
0,tcp,http,SF,148,4290,0,0,0,0,0,1,0,0,0,0,0,0,0,0,0,0,1,1,0.0,0.0,0.0,0.0,1.0,0.0,0.0,61,255,1.0,0.0,0.02,0.02,0.0,0.0,0.0,0.0,normal
0,tcp,http,SF,228,5849,0,0,0,0,0,1,0,0,0,0,0,0,0,0,0,0,11,12,0.0,0.0,0.0,0.0,1.0,0.0,0.17,28,34,1.0,0.0,0.04,0.06,0.0,0.0,0.0,0.0,normal
0,tcp,private,REJ,0,0,0,0,0,0,0,0,0,0,0,0,0,0,0,0,0,0,226,12,0.0,0.0,1.0,1.0,0.05,0.07,0.0,255,12,0.05,0.08,0.0,0.0,0.0,0.0,1.0,1.0,neptune
0,tcp,http,SF,313,762,0,0,0,0,0,1,0,0,0,0,0,0,0,0,0,0,2,2,0.0,0.0,0.0,0.0,1.0,0.0,0.0,2,255,1.0,0.0,0.5,0.02,0.0,0.0,0.0,0.0,normal
285,tcp,ftp,SF,162,599,0,0,0,2,0,1,0,0,0,0,0,0,0,0,0,1,1,1,0.0,0.0,0.0,0.0,1.0,0.0,0.0,255,13,0.05,0.71,0.0,0.0,0.0,0.0,0.69,0.0,warezmaster
4,tcp,pop_3,SF,28,93,0,0,0,0,0,1,0,0,0,0,0,0,0,0,0,0,1,1,0.0,0.0,0.0,0.0,1.0,0.0,0.0,142,125,0.87,0.02,0.01,0.02,0.0,0.0,0.07,0.0,guess_passwd
1,tcp,smtp,SF,2599,293,0,0,0,0,0,1,0,0,0,0,0,0,0,0,0,0,2,2,0.0,0.0,0.0,0.0,1.0,0.0,0.0,255,194,0.76,0.13,0.0,0.0,0.0,0.0,0.23,0.0,mailbomb
284,tcp,ftp,SF,156,593,0,0,0,2,0,1,0,0,0,0,0,0,0,0,0,1,1,1,0.0,0.0,0.0,0.0,1.0,0.0,0.0,255,86,0.34,0.03,0.0,0.0,0.02,0.0,0.01,0.0,warezmaster
0,tcp,http,SF,253,12247,0,0,0,0,0,1,0,0,0,0,0,0,0,0,0,0,1,19,0.0,0.0,0.0,0.0,1.0,0.0,0.21,9,249,1.0,0.0,0.11,0.04,0.0,0.0,0.0,0.0,normal
0,udp,domain_u,SF,42,42,0,0,0,0,0,0,0,0,0,0,0,0,0,0,0,0,7,11,0.0,0.0,0.0,0.0,1.0,0.0,0.18,202,201,1.0,0.01,0.0,0.0,0.0,0.0,0.0,0.0,normal
0,tcp,sunrpc,REJ,0,0,0,0,0,0,0,0,0,0,0,0,0,0,0,0,0,0,4,8,0.0,0.0,1.0,1.0,0.25,1.0,1.0,114,48,0.17,0.04,0.01,0.04,0.0,0.0,0.92,1.0,mscan
0,tcp,http,SF,316,612,0,0,0,0,0,1,0,0,0,0,0,0,0,0,0,0,1,1,0.0,0.0,0.0,0.0,1.0,0.0,0.0,226,255,1.0,0.0,0.0,0.01,0.0,0.0,0.0,0.0,normal
0,tcp,http,SF,304,2698,0,0,0,0,0,1,0,0,0,0,0,0,1,0,0,0,4,4,0.0,0.0,0.0,0.0,1.0,0.0,0.0,255,174,0.68,0.03,0.0,0.0,0.0,0.0,0.0,0.0,normal
0,tcp,http,SF,314,17454,0,0,0,0,0,1,0,0,0,0,0,0,0,0,0,0,1,8,0.0,0.0,0.0,0.0,1.0,0.0,0.25,65,255,1.0,0.0,0.02,0.02,0.0,0.0,0.0,0.0,normal
0,tcp,private,S0,0,0,0,0,0,0,0,0,0,0,0,0,0,0,0,0,0,0,194,1,1.0,1.0,0.0,0.0,0.01,0.09,0.0,255,1,0.0,0.08,0.0,0.0,1.0,1.0,0.0,0.0,neptune
0,tcp,http,SF,195,1831,0,0,0,0,0,1,0,0,0,0,0,0,0,0,0,0,5,6,0.0,0.0,0.0,0.0,1.0,0.0,0.33,242,255,1.0,0.0,0.0,0.01,0.0,0.0,0.0,0.0,normal
0,tcp,http,SF,305,2507,0,0,0,0,0,1,0,0,0,0,0,0,0,0,0,0,4,4,0.0,0.0,0.0,0.0,1.0,0.0,0.0,255,255,1.0,0.0,0.0,0.0,0.84,0.84,0.11,0.11,normal
0,tcp,http,SF,241,2698,0,0,0,0,0,1,0,0,0,0,0,0,1,0,0,0,3,3,0.0,0.0,0.0,0.0,1.0,0.0,0.0,255,245,0.96,0.02,0.0,0.0,0.0,0.0,0.0,0.0,normal
280,tcp,ftp_data,SF,283618,0,0,0,0,2,0,0,0,0,0,0,0,0,0,0,0,0,1,1,0.0,0.0,0.0,0.0,1.0,0.0,0.0,3,3,1.0,0.0,1.0,0.0,0.0,0.0,0.0,0.0,warezmaster
4,tcp,pop_3,SF,28,93,0,0,0,0,0,1,0,0,0,0,0,0,0,0,0,0,2,1,0.0,0.0,0.0,0.0,0.5,1.0,0.0,255,211,0.83,0.02,0.0,0.0,0.0,0.0,0.04,0.0,guess_passwd
0,udp,private,SF,51,0,0,0,0,0,0,0,0,0,0,0,0,0,0,0,0,0,4,4,0.0,0.0,0.0,0.0,1.0,0.0,0.0,255,254,1.0,0.01,0.01,0.0,0.0,0.0,0.0,0.0,snmpguess
0,tcp,private,REJ,0,0,0,0,0,0,0,0,0,0,0,0,0,0,0,0,0,0,239,17,0.0,0.0,1.0,1.0,0.07,0.07,0.0,255,17,0.07,0.06,0.0,0.0,0.0,0.0,1.0,1.0,neptune
0,tcp,http,SF,54540,8314,0,0,0,2,0,1,1,0,0,0,0,0,0,0,0,0,6,6,0.0,0.0,0.17,0.17,1.0,0.0,0.0,255,229,0.9,0.01,0.0,0.0,0.0,0.0,0.01,0.01,back
0,tcp,http,SF,335,1512,0,0,0,0,0,1,0,0,0,0,0,0,0,0,0,0,22,23,0.0,0.0,0.0,0.0,1.0,0.0,0.09,255,255,1.0,0.0,0.0,0.0,0.0,0.0,0.0,0.0,normal
0,tcp,http,RSTR,54540,7300,0,0,0,1,0,1,0,0,0,0,0,0,0,0,0,0,5,5,0.0,0.0,0.2,0.2,1.0,0.0,0.0,255,255,1.0,0.0,0.0,0.0,0.0,0.0,0.07,0.07,back
0,tcp,private,REJ,0,0,0,0,0,0,0,0,0,0,0,0,0,0,0,0,0,0,213,13,0.0,0.0,1.0,1.0,0.06,0.06,0.0,255,13,0.05,0.07,0.0,0.0,0.0,0.0,1.0,1.0,neptune
0,tcp,http,SF,231,1480,0,0,0,0,0,1,0,0,0,0,0,0,0,0,0,0,5,5,0.0,0.0,0.0,0.0,1.0,0.0,0.0,217,255,1.0,0.0,0.0,0.01,0.0,0.0,0.0,0.0,normal
0,tcp,http,SF,200,758,0,0,0,0,0,1,0,0,0,0,0,0,0,0,0,0,1,4,0.0,0.0,0.0,0.0,1.0,0.0,0.75,193,255,1.0,0.0,0.01,0.01,0.0,0.0,0.0,0.0,normal
0,icmp,ecr_i,SF,1032,0,0,0,0,0,0,0,0,0,0,0,0,0,0,0,0,0,164,164,0.0,0.0,0.0,0.0,1.0,0.0,0.0,255,255,1.0,0.0,1.0,0.0,0.0,0.0,0.0,0.0,smurf
0,tcp,http,SF,312,1992,0,0,0,0,0,1,0,0,0,0,0,0,0,0,0,0,25,25,0.0,0.0,0.0,0.0,1.0,0.0,0.0,25,255,1.0,0.0,0.04,0.08,0.0,0.0,0.0,0.0,normal
0,tcp,http,SF,297,1039,0,0,0,0,0,1,0,0,0,0,0,0,0,0,0,0,4,4,0.0,0.0,0.0,0.0,1.0,0.0,0.0,73,255,1.0,0.0,0.01,0.04,0.0,0.0,0.0,0.0,normal
0,tcp,http,SF,289,4908,0,0,0,0,0,1,0,0,0,0,0,0,0,0,0,0,4,4,0.0,0.0,0.0,0.0,1.0,0.0,0.0,4,255,1.0,0.0,0.25,0.06,0.0,0.0,0.0,0.0,normal
0,tcp,http,SF,300,1585,0,0,0,0,0,1,0,0,0,0,0,0,0,0,0,0,8,12,0.0,0.0,0.0,0.0,1.0,0.0,0.17,151,255,1.0,0.0,0.01,0.02,0.0,0.0,0.0,0.0,normal
0,tcp,http,SF,209,2474,0,0,0,0,0,1,0,0,0,0,0,0,0,0,0,0,10,24,0.0,0.0,0.0,0.0,1.0,0.0,0.12,120,255,1.0,0.0,0.01,0.06,0.0,0.0,0.0,0.0,normal
0,tcp,telnet,S0,0,0,0,0,0,0,0,0,0,0,0,0,0,0,0,0,0,0,34,7,1.0,1.0,0.0,0.0,0.21,0.12,0.0,255,64,0.25,0.02,0.01,0.0,0.98,0.97,0.0,0.0,neptune
0,tcp,private,REJ,0,0,0,0,0,0,0,0,0,0,0,0,0,0,0,0,0,0,223,10,0.0,0.0,1.0,1.0,0.04,0.08,0.0,255,10,0.04,0.07,0.0,0.0,0.0,0.0,1.0,1.0,neptune
0,tcp,imap4,S0,0,0,0,0,0,0,0,0,0,0,0,0,0,0,0,0,0,0,1,1,1.0,1.0,0.0,0.0,1.0,0.0,0.0,64,85,0.33,0.05,0.02,0.04,1.0,1.0,0.0,0.0,mscan
0,udp,other,SF,115,0,0,0,0,0,0,0,0,0,0,0,0,0,0,0,0,0,40,40,0.0,0.0,0.0,0.0,1.0,0.0,0.0,255,40,0.16,0.04,0.2,0.0,0.0,0.0,0.07,0.0,normal
0,tcp,private,S0,0,0,0,0,0,0,0,0,0,0,0,0,0,0,0,0,0,0,223,2,0.84,1.0,0.16,0.0,0.01,0.07,0.0,255,2,0.01,0.07,0.0,0.0,0.85,1.0,0.15,0.0,neptune
0,tcp,private,S0,0,0,0,0,0,0,0,0,0,0,0,0,0,0,0,0,0,0,133,8,1.0,1.0,0.0,0.0,0.06,0.06,0.0,255,8,0.03,0.06,0.0,0.0,0.98,1.0,0.0,0.0,neptune
0,tcp,ftp_data,SF,59,0,0,0,0,0,0,0,0,0,0,0,0,0,0,0,0,0,12,12,0.0,0.0,0.0,0.0,1.0,0.0,0.0,152,60,0.39,0.03,0.39,0.0,0.0,0.0,0.0,0.0,normal
0,tcp,iso_tsap,S0,0,0,0,0,0,0,0,0,0,0,0,0,0,0,0,0,0,0,299,16,1.0,1.0,0.0,0.0,0.05,0.06,0.0,255,16,0.06,0.06,0.0,0.0,1.0,1.0,0.0,0.0,neptune
0,udp,private,SF,49,0,0,0,0,0,0,0,0,0,0,0,0,0,0,0,0,0,374,374,0.0,0.0,0.0,0.0,1.0,0.0,0.0,255,255,1.0,0.0,0.01,0.0,0.0,0.0,0.0,0.0,snmpguess
0,tcp,http,SF,349,261,0,0,0,0,0,1,0,0,0,0,0,0,0,0,0,0,13,20,0.0,0.0,0.0,0.0,1.0,0.0,0.1,255,255,1.0,0.0,0.0,0.0,0.0,0.0,0.0,0.0,normal
0,tcp,http,SF,224,825,0,0,0,0,0,1,0,0,0,0,0,0,0,0,0,0,4,5,0.0,0.0,0.0,0.0,1.0,0.0,0.4,4,255,1.0,0.0,0.25,0.06,0.0,0.0,0.0,0.0,normal
0,tcp,http,SF,291,6699,0,0,0,0,0,1,0,0,0,0,0,0,0,0,0,0,19,19,0.0,0.0,0.0,0.0,1.0,0.0,0.0,44,255,1.0,0.0,0.02,0.02,0.02,0.0,0.0,0.0,normal
0,udp,private,SF,43,0,0,0,0,0,0,0,0,0,0,0,0,0,0,0,0,0,2,2,0.0,0.0,0.0,0.0,1.0,0.0,0.0,255,255,1.0,0.0,0.01,0.0,0.0,0.0,0.0,0.0,snmpguess
0,tcp,http,SF,292,1232,0,0,0,0,0,1,0,0,0,0,0,0,0,0,0,0,35,54,0.0,0.0,0.0,0.0,1.0,0.0,0.06,255,255,1.0,0.0,0.0,0.0,0.0,0.0,0.0,0.0,normal
0,tcp,http,SF,208,6048,0,0,0,0,0,1,0,0,0,0,0,0,0,0,0,0,25,25,0.0,0.0,0.0,0.0,1.0,0.0,0.0,25,255,1.0,0.0,0.04,0.01,0.0,0.0,0.0,0.0,normal
0,udp,domain_u,SF,45,140,0,0,0,0,0,0,0,0,0,0,0,0,0,0,0,0,107,187,0.0,0.0,0.0,0.0,1.0,0.0,0.01,255,255,1.0,0.0,0.0,0.0,0.0,0.0,0.0,0.0,normal
0,tcp,pop_3,REJ,0,0,0,0,0,0,0,0,0,0,0,0,0,0,0,0,0,0,2,4,0.0,0.0,1.0,0.75,0.5,1.0,1.0,255,26,0.1,0.02,0.0,0.0,0.05,0.0,0.31,1.0,mscan
0,tcp,private,REJ,0,0,0,0,0,0,0,0,0,0,0,0,0,0,0,0,0,0,124,5,0.0,0.0,1.0,1.0,0.04,0.07,0.0,255,5,0.02,0.06,0.0,0.0,0.0,0.0,1.0,1.0,neptune
0,tcp,private,REJ,0,0,0,0,0,0,0,0,0,0,0,0,0,0,0,0,0,0,212,20,0.0,0.0,1.0,1.0,0.09,0.07,0.0,255,20,0.08,0.07,0.0,0.0,0.0,0.0,1.0,1.0,neptune
0,udp,private,SF,1,1,0,0,0,0,0,0,0,0,0,0,0,0,0,0,0,0,25,1,0.0,0.0,0.0,0.0,0.04,0.76,0.0,255,1,0.0,0.54,0.99,0.0,0.0,0.0,0.01,0.0,satan
0,tcp,http,SF,54540,8314,0,0,0,2,0,1,1,0,0,0,0,0,0,0,0,0,4,4,0.0,0.0,0.0,0.0,1.0,0.0,0.0,255,255,1.0,0.0,0.0,0.0,0.0,0.0,0.07,0.07,back
0,tcp,http,SF,242,16487,0,0,0,0,0,1,0,0,0,0,0,0,0,0,0,0,1,1,0.0,0.0,0.0,0.0,1.0,0.0,0.0,255,255,1.0,0.0,0.0,0.0,0.01,0.01,0.0,0.0,normal
0,tcp,private,REJ,0,0,0,0,0,0,0,0,0,0,0,0,0,0,0,0,0,0,124,6,0.0,0.0,1.0,1.0,0.05,0.06,0.0,255,6,0.02,0.05,0.0,0.0,0.0,0.0,1.0,1.0,neptune
0,icmp,eco_i,SF,20,0,0,0,0,0,0,0,0,0,0,0,0,0,0,0,0,0,1,62,0.0,0.0,0.0,0.0,1.0,0.0,1.0,1,141,1.0,0.0,1.0,0.26,0.0,0.0,0.0,0.0,saint
0,tcp,discard,S0,0,0,0,0,0,0,0,0,0,0,0,0,0,0,0,0,0,0,139,2,1.0,1.0,0.0,0.0,0.01,0.1,0.0,255,2,0.01,0.08,0.0,0.0,1.0,1.0,0.0,0.0,neptune
0,tcp,http,SF,241,489,0,0,0,0,0,1,0,0,0,0,0,0,0,0,0,0,28,28,0.0,0.0,0.0,0.0,1.0,0.0,0.0,67,255,1.0,0.0,0.01,0.01,0.01,0.0,0.0,0.0,normal
0,tcp,http,SF,327,1695,0,0,0,0,0,1,0,0,0,0,0,0,0,0,0,0,8,22,0.0,0.0,0.0,0.0,1.0,0.0,0.14,255,255,1.0,0.0,0.0,0.0,0.0,0.0,0.0,0.0,normal
0,tcp,private,S0,0,0,0,0,0,0,0,0,0,0,0,0,0,0,0,0,0,0,206,3,0.82,1.0,0.18,0.0,0.01,0.07,0.0,255,3,0.01,0.07,0.0,0.0,0.8,1.0,0.2,0.0,neptune
0,tcp,http,SF,279,8856,0,0,0,0,0,1,0,0,0,0,0,0,0,0,0,0,7,7,0.0,0.0,0.0,0.0,1.0,0.0,0.0,7,255,1.0,0.0,0.14,0.05,0.0,0.0,0.0,0.0,normal
19,tcp,ftp,SF,127,649,0,0,0,1,0,1,0,0,0,0,0,0,0,0,1,0,1,1,0.0,0.0,0.0,0.0,1.0,0.0,0.0,3,1,0.33,0.67,0.33,0.0,0.0,0.0,0.0,0.0,xterm
0,tcp,http,SF,225,2827,0,0,0,0,0,1,0,0,0,0,0,0,0,0,0,0,7,7,0.0,0.0,0.0,0.0,1.0,0.0,0.0,42,255,1.0,0.0,0.02,0.07,0.0,0.0,0.0,0.0,normal
0,udp,private,SF,105,146,0,0,0,0,0,0,0,0,0,0,0,0,0,0,0,0,3,3,0.0,0.0,0.0,0.0,1.0,0.0,0.0,255,254,1.0,0.01,0.01,0.0,0.0,0.0,0.0,0.0,normal
2,tcp,smtp,SF,1288,378,0,0,0,0,0,1,0,0,0,0,0,0,0,0,0,0,1,2,0.0,0.0,0.0,0.0,1.0,0.0,1.0,76,43,0.57,0.2,0.01,0.0,0.0,0.0,0.04,0.0,normal
0,tcp,http,SF,228,1467,0,0,0,0,0,1,0,0,0,0,0,0,0,0,0,0,14,17,0.0,0.0,0.0,0.0,1.0,0.0,0.18,255,255,1.0,0.0,0.0,0.0,0.0,0.0,0.0,0.0,normal
0,udp,other,SF,5,0,0,0,0,0,0,0,0,0,0,0,0,0,0,0,0,0,5,1,0.0,0.0,0.0,0.0,0.2,0.4,0.0,255,7,0.03,0.02,0.03,0.0,0.0,0.0,0.0,0.0,saint
0,tcp,http,SF,203,18280,0,0,0,0,0,1,0,0,0,0,0,0,0,0,0,0,4,7,0.0,0.0,0.0,0.0,1.0,0.0,0.57,18,255,1.0,0.0,0.06,0.03,0.0,0.0,0.0,0.0,normal
0,tcp,private,REJ,0,0,0,0,0,0,0,0,0,0,0,0,0,0,0,0,0,0,116,7,0.0,0.0,1.0,1.0,0.06,0.06,0.0,255,7,0.03,0.05,0.0,0.0,0.0,0.0,1.0,1.0,neptune
0,tcp,http,SF,54540,8314,0,0,0,2,0,1,1,0,0,0,0,0,0,0,0,0,4,4,0.0,0.0,0.0,0.0,1.0,0.0,0.0,255,254,1.0,0.01,0.0,0.0,0.0,0.0,0.02,0.02,back
20,tcp,ftp,SF,222,765,0,0,0,4,0,1,0,0,0,0,0,0,0,0,0,1,1,1,0.0,0.0,0.0,0.0,1.0,0.0,0.0,9,4,0.44,0.22,0.11,0.0,0.0,0.0,0.0,0.0,normal
0,tcp,telnet,S0,0,0,0,0,0,0,0,0,0,0,0,0,0,0,0,0,0,0,1,6,1.0,0.17,0.0,0.5,1.0,0.0,0.83,175,86,0.34,0.02,0.01,0.02,1.0,1.0,0.0,0.0,mscan
0,tcp,ftp,SF,26,157,0,0,0,0,1,0,0,0,0,0,0,0,0,0,0,1,1,1,0.0,0.0,0.0,0.0,1.0,0.0,0.0,169,80,0.47,0.03,0.01,0.0,0.0,0.0,0.0,0.0,guess_passwd
0,udp,private,SF,46,43,0,0,0,0,0,0,0,0,0,0,0,0,0,0,0,0,30,30,0.0,0.0,0.0,0.0,1.0,0.0,0.0,255,254,1.0,0.01,0.11,0.0,0.0,0.0,0.0,0.0,normal
0,tcp,http,SF,159,14064,0,0,0,0,0,1,0,0,0,0,0,0,0,0,0,0,1,1,0.0,0.0,0.0,0.0,1.0,0.0,0.0,41,237,1.0,0.0,0.02,0.02,0.0,0.0,0.0,0.0,normal
0,tcp,private,REJ,0,0,0,0,0,0,0,0,0,0,0,0,0,0,0,0,0,0,2,1,0.0,0.0,1.0,1.0,0.5,1.0,0.0,255,1,0.0,0.48,0.2,0.0,0.0,0.0,0.21,1.0,portsweep
0,icmp,eco_i,SF,18,0,0,0,0,0,0,0,0,0,0,0,0,0,0,0,0,0,1,1,0.0,0.0,0.0,0.0,1.0,0.0,0.0,1,21,1.0,0.0,1.0,1.0,0.0,0.0,0.0,0.0,ipsweep
0,tcp,other,REJ,0,0,0,0,0,0,0,0,0,0,0,0,0,0,0,0,0,0,498,1,0.02,0.0,0.98,1.0,0.0,1.0,0.0,255,1,0.0,1.0,0.0,0.0,0.05,0.0,0.95,1.0,satan
0,tcp,http,SF,220,21377,0,0,0,0,0,1,0,0,0,0,0,0,0,0,0,0,4,4,0.0,0.0,0.0,0.0,1.0,0.0,0.0,4,255,1.0,0.0,0.25,0.01,0.0,0.0,0.0,0.0,normal
4,tcp,pop_3,SF,30,93,0,0,0,0,0,1,0,0,0,0,0,0,0,0,0,0,1,1,0.0,0.0,0.0,0.0,1.0,0.0,0.0,255,226,0.89,0.04,0.0,0.0,0.0,0.0,0.0,0.0,guess_passwd
0,tcp,telnet,SF,121,174,0,0,0,0,1,0,0,0,0,0,0,0,0,0,0,0,1,1,0.0,0.0,0.0,0.0,1.0,0.0,0.0,255,86,0.34,0.02,0.0,0.0,0.0,0.0,0.01,0.03,guess_passwd
0,tcp,http,SF,240,386,0,0,0,0,0,1,0,0,0,0,0,0,0,0,0,0,32,37,0.0,0.0,0.0,0.0,1.0,0.0,0.11,255,255,1.0,0.0,0.0,0.0,0.0,0.0,0.0,0.0,normal
0,tcp,private,REJ,0,0,0,0,0,0,0,0,0,0,0,0,0,0,0,0,0,0,152,19,0.0,0.0,1.0,1.0,0.12,0.07,0.0,255,19,0.07,0.06,0.0,0.0,0.0,0.0,1.0,1.0,neptune
0,tcp,private,REJ,0,0,0,0,0,0,0,0,0,0,0,0,0,0,0,0,0,0,229,11,0.0,0.0,1.0,1.0,0.05,0.07,0.0,255,11,0.04,0.08,0.0,0.0,0.0,0.0,1.0,1.0,neptune
805,tcp,http,RSTR,76944,1,0,0,0,0,0,1,0,0,0,0,0,0,0,0,0,0,12,12,0.0,0.0,1.0,1.0,1.0,0.0,0.0,241,238,0.99,0.01,0.0,0.0,0.0,0.0,0.07,0.07,apache2
280,tcp,ftp_data,SF,283618,0,0,0,0,0,0,0,0,0,0,0,0,0,0,0,0,0,1,1,0.0,0.0,0.0,0.0,1.0,0.0,0.0,6,7,0.83,0.33,0.83,0.29,0.0,0.0,0.0,0.0,warezmaster
0,tcp,http,SF,322,1480,0,0,0,0,0,1,0,0,0,0,0,0,0,0,0,0,20,26,0.0,0.0,0.0,0.0,1.0,0.0,0.12,134,251,1.0,0.0,0.01,0.02,0.0,0.0,0.0,0.0,normal
5,tcp,pop_3,SF,26,93,0,0,0,0,0,1,0,0,0,0,0,0,0,0,0,0,1,1,0.0,0.0,0.0,0.0,1.0,0.0,0.0,181,162,0.9,0.02,0.01,0.0,0.0,0.0,0.06,0.0,guess_passwd
0,tcp,ftp,SF,26,157,0,0,0,0,1,0,0,0,0,0,0,0,0,0,0,1,1,1,0.0,0.0,0.0,0.0,1.0,0.0,0.0,96,51,0.53,0.04,0.01,0.0,0.0,0.0,0.0,0.0,guess_passwd
0,tcp,http,SF,354,823,0,0,0,0,0,1,0,0,0,0,0,0,0,0,0,0,1,13,0.0,0.0,0.0,0.0,1.0,0.0,0.31,12,255,1.0,0.0,0.08,0.04,0.0,0.0,0.0,0.0,normal
0,tcp,http,SF,301,186,0,0,0,0,0,1,0,0,0,0,0,0,0,0,0,0,38,38,0.0,0.0,0.0,0.0,1.0,0.0,0.0,255,255,1.0,0.0,0.0,0.0,0.0,0.0,0.0,0.0,normal
0,tcp,ftp_data,SF,154342,0,0,0,0,0,0,0,0,0,0,0,0,0,0,0,0,0,15,15,0.0,0.0,0.0,0.0,1.0,0.0,0.0,255,69,0.27,0.03,0.27,0.0,0.0,0.0,0.0,0.0,normal
0,tcp,ftp_data,SF,12,0,0,0,0,0,0,0,0,0,0,0,0,0,0,0,0,0,1,1,0.0,0.0,0.0,0.0,1.0,0.0,0.0,1,27,1.0,0.0,1.0,0.15,0.0,0.0,0.0,0.0,warezmaster
0,tcp,http,SF,332,1301,0,0,0,0,0,1,0,0,0,0,0,0,0,0,0,0,25,25,0.0,0.0,0.0,0.0,1.0,0.0,0.0,255,255,1.0,0.0,0.0,0.0,0.0,0.0,0.0,0.0,normal
0,udp,private,SF,53,53,0,0,0,0,0,0,0,0,0,0,0,0,0,0,0,0,509,509,0.0,0.0,0.0,0.0,1.0,0.0,0.0,255,255,1.0,0.0,0.86,0.0,0.0,0.0,0.0,0.0,normal
0,tcp,http,SF,214,1565,0,0,0,0,0,1,0,0,0,0,0,0,0,0,0,0,9,9,0.0,0.0,0.0,0.0,1.0,0.0,0.0,255,255,1.0,0.0,0.0,0.0,0.0,0.0,0.0,0.0,normal
0,tcp,ftp_data,SF,3676,0,0,0,0,0,0,0,0,0,0,0,0,0,0,0,0,0,4,4,0.0,0.0,0.0,0.0,1.0,0.0,0.0,50,99,0.38,0.1,0.38,0.03,0.0,0.0,0.0,0.0,normal
0,udp,private,SF,42,0,0,0,0,0,0,0,0,0,0,0,0,0,0,0,0,0,3,3,0.0,0.0,0.0,0.0,1.0,0.0,0.0,255,253,0.99,0.01,0.01,0.0,0.0,0.0,0.0,0.0,snmpguess
0,icmp,eco_i,SF,20,0,0,0,0,0,0,0,0,0,0,0,0,0,0,0,0,0,1,51,0.0,0.0,0.0,0.0,1.0,0.0,1.0,2,36,1.0,0.0,1.0,0.31,0.0,0.0,0.0,0.0,saint
0,tcp,pop_3,REJ,0,0,0,0,0,0,0,0,0,0,0,0,0,0,0,0,0,0,3,11,0.0,0.0,1.0,0.91,0.33,1.0,1.0,54,60,0.24,0.09,0.02,0.03,0.0,0.0,0.89,1.0,mscan
0,tcp,other,SF,267,0,0,0,0,0,0,0,0,0,0,0,0,0,0,0,0,0,1,1,0.0,0.0,0.0,0.0,1.0,0.0,0.0,255,11,0.04,0.01,0.0,0.0,0.0,0.0,0.04,0.91,httptunnel
282,tcp,ftp,SF,162,599,0,0,0,2,0,1,0,0,0,0,0,0,0,0,0,1,1,1,0.0,0.0,0.0,0.0,1.0,0.0,0.0,255,12,0.05,0.65,0.0,0.0,0.0,0.0,0.64,0.0,warezmaster
0,tcp,http,SF,218,1423,0,0,0,0,0,1,0,0,0,0,0,0,0,0,0,0,7,7,0.0,0.0,0.0,0.0,1.0,0.0,0.0,45,255,1.0,0.0,0.02,0.02,0.0,0.0,0.0,0.0,normal
0,tcp,private,REJ,0,0,0,0,0,0,0,0,0,0,0,0,0,0,0,0,0,0,235,10,0.0,0.0,1.0,1.0,0.04,0.06,0.0,255,10,0.04,0.07,0.0,0.0,0.0,0.0,1.0,1.0,neptune
0,tcp,private,REJ,0,0,0,0,0,0,0,0,0,0,0,0,0,0,0,0,0,0,228,18,0.0,0.0,1.0,1.0,0.08,0.06,0.0,255,18,0.07,0.06,0.0,0.0,0.0,0.0,1.0,1.0,neptune
0,udp,domain_u,SF,44,68,0,0,0,0,0,0,0,0,0,0,0,0,0,0,0,0,116,116,0.0,0.0,0.0,0.0,1.0,0.0,0.0,255,255,1.0,0.0,0.01,0.0,0.0,0.0,0.0,0.0,normal
4,tcp,pop_3,SF,26,93,0,0,0,0,0,1,0,0,0,0,0,0,0,0,0,0,1,1,0.0,0.0,0.0,0.0,1.0,0.0,0.0,6,9,1.0,0.0,0.17,0.33,0.0,0.0,0.0,0.0,guess_passwd
0,tcp,http,SF,277,1816,0,0,0,0,0,1,0,0,0,0,0,0,0,0,0,0,17,18,0.0,0.0,0.0,0.0,1.0,0.0,0.11,36,255,1.0,0.0,0.03,0.02,0.0,0.0,0.0,0.0,normal
0,tcp,http,SF,327,664,0,0,0,0,0,1,0,0,0,0,0,0,0,0,0,0,9,9,0.0,0.0,0.0,0.0,1.0,0.0,0.0,255,255,1.0,0.0,0.0,0.0,0.0,0.0,0.0,0.0,normal
0,tcp,http,SF,314,1454,0,0,0,0,0,1,0,0,0,0,0,0,0,0,0,0,3,16,0.0,0.0,0.0,0.0,1.0,0.0,0.12,186,255,1.0,0.0,0.01,0.02,0.0,0.0,0.0,0.0,normal
0,tcp,http,SF,221,2964,0,0,0,0,0,1,0,0,0,0,0,0,0,0,0,0,11,11,0.0,0.0,0.0,0.0,1.0,0.0,0.0,255,255,1.0,0.0,0.0,0.0,0.0,0.0,0.0,0.0,normal
0,tcp,http,SF,194,7919,0,0,0,0,0,1,0,0,0,0,0,0,0,0,0,0,3,3,0.0,0.0,0.0,0.0,1.0,0.0,0.0,3,255,1.0,0.0,0.33,0.04,0.0,0.0,0.0,0.0,normal
1,tcp,smtp,SF,20879,327,0,0,0,0,0,1,0,0,0,0,0,0,0,0,0,0,1,2,0.0,0.0,0.0,0.0,1.0,0.0,1.0,190,165,0.61,0.03,0.01,0.01,0.0,0.0,0.02,0.02,normal
0,tcp,http,SF,301,2239,0,0,0,0,0,1,0,0,0,0,0,0,0,0,0,0,4,6,0.0,0.0,0.0,0.0,1.0,0.0,0.5,255,219,0.86,0.02,0.0,0.0,0.0,0.0,0.0,0.0,normal
0,tcp,http,SF,298,22769,0,0,0,0,0,1,0,0,0,0,0,0,0,0,0,0,1,4,0.0,0.0,0.0,0.0,1.0,0.0,0.5,1,255,1.0,0.0,1.0,0.05,0.0,0.0,0.0,0.0,normal
0,udp,private,SF,1,0,0,0,0,0,0,0,0,0,0,0,0,0,0,0,0,0,44,2,0.0,0.0,0.0,0.0,0.05,0.41,0.0,255,2,0.01,0.74,1.0,0.0,0.0,0.0,0.0,0.0,normal
0,tcp,imap4,REJ,0,0,0,0,0,0,0,0,0,0,0,0,0,0,0,0,0,0,244,7,0.0,0.0,1.0,1.0,0.03,0.06,0.0,255,7,0.03,0.07,0.0,0.0,0.0,0.0,1.0,1.0,neptune
0,tcp,http,SF,219,544,0,0,0,0,0,1,0,0,0,0,0,0,0,0,0,0,1,1,0.0,0.0,0.0,0.0,1.0,0.0,0.0,11,255,1.0,0.0,0.09,0.01,0.0,0.0,0.0,0.0,normal
0,tcp,http,SF,220,4736,0,0,0,0,0,1,0,0,0,0,0,0,0,0,0,0,23,23,0.0,0.0,0.0,0.0,1.0,0.0,0.0,255,255,1.0,0.0,0.0,0.0,0.0,0.0,0.0,0.0,normal
0,udp,private,SF,105,145,0,0,0,0,0,0,0,0,0,0,0,0,0,0,0,0,2,2,0.0,0.0,0.0,0.0,1.0,0.0,0.0,255,255,1.0,0.0,0.0,0.0,0.0,0.0,0.0,0.0,normal
0,tcp,private,REJ,0,0,0,0,0,0,0,0,0,0,0,0,0,0,0,0,0,0,104,1,0.0,0.0,0.99,1.0,0.01,1.0,0.0,139,1,0.01,0.68,0.01,0.0,0.0,0.0,0.64,1.0,satan
0,tcp,telnet,REJ,0,0,0,0,0,0,0,0,0,0,0,0,0,0,0,0,0,0,2,10,0.0,0.1,1.0,0.9,0.5,1.0,1.0,255,72,0.28,0.02,0.0,0.0,0.02,0.0,0.73,0.69,mscan
0,tcp,http,SF,210,1496,0,0,0,0,0,1,0,0,0,0,0,0,0,0,0,0,3,3,0.0,0.0,0.0,0.0,1.0,0.0,0.0,54,255,1.0,0.0,0.02,0.04,0.0,0.01,0.0,0.0,normal
0,tcp,http,SF,254,1529,0,0,0,0,0,1,0,0,0,0,0,0,0,0,0,0,9,15,0.0,0.0,0.0,0.0,1.0,0.0,0.13,255,255,1.0,0.0,0.0,0.0,0.0,0.0,0.0,0.0,normal
0,tcp,http,SF,231,2698,0,0,0,0,0,1,0,0,0,0,0,0,1,0,0,0,4,4,0.0,0.0,0.0,0.0,1.0,0.0,0.0,255,246,0.96,0.01,0.0,0.0,0.0,0.0,0.0,0.0,normal
0,udp,private,SF,1,0,0,0,0,0,0,0,0,0,0,0,0,0,0,0,0,0,142,7,0.0,0.0,0.0,0.0,0.05,0.96,0.0,255,7,0.03,0.85,1.0,0.0,0.0,0.0,0.0,0.0,normal
5,tcp,pop_3,SF,31,93,0,0,0,0,0,1,0,0,0,0,0,0,0,0,0,0,1,1,0.0,0.0,0.0,0.0,1.0,0.0,0.0,186,167,0.9,0.02,0.01,0.0,0.0,0.0,0.05,0.0,guess_passwd
0,tcp,private,REJ,0,0,0,0,0,0,0,0,0,0,0,0,0,0,0,0,0,0,286,7,0.0,0.0,1.0,1.0,0.02,0.06,0.0,255,7,0.03,0.06,0.0,0.0,0.0,0.0,1.0,1.0,neptune
29,tcp,http,SF,248,190,0,0,0,0,0,1,0,0,0,0,0,0,0,0,0,0,35,35,0.0,0.0,0.0,0.0,1.0,0.0,0.0,124,255,1.0,0.0,0.01,0.02,0.0,0.0,0.0,0.0,normal
0,tcp,http,SF,226,1158,0,0,0,0,0,1,0,0,0,0,0,0,0,0,0,0,13,13,0.0,0.0,0.0,0.0,1.0,0.0,0.0,81,255,1.0,0.0,0.01,0.04,0.0,0.0,0.0,0.0,normal
0,tcp,http,SF,290,60131,0,0,0,0,0,1,0,0,0,0,0,0,0,0,0,0,8,8,0.0,0.0,0.0,0.0,1.0,0.0,0.0,22,255,1.0,0.0,0.05,0.03,0.0,0.0,0.0,0.0,normal
0,udp,domain_u,SF,44,115,0,0,0,0,0,0,0,0,0,0,0,0,0,0,0,0,1,3,0.0,0.0,0.0,0.0,1.0,0.0,0.67,255,237,0.93,0.01,0.0,0.0,0.0,0.0,0.04,0.0,normal
0,tcp,other,REJ,0,0,0,0,0,0,0,0,0,0,0,0,0,0,0,0,0,0,472,1,0.12,0.0,0.88,1.0,0.0,1.0,0.0,255,1,0.0,0.99,0.0,0.0,0.07,0.0,0.91,1.0,satan
282,tcp,ftp,SF,158,595,0,0,0,2,0,1,0,0,0,0,0,0,0,0,0,1,1,1,0.0,0.0,0.0,0.0,1.0,0.0,0.0,224,73,0.33,0.03,0.0,0.0,0.0,0.0,0.0,0.0,warezmaster
0,tcp,http,SF,286,5989,0,0,0,0,0,1,0,0,0,0,0,0,0,0,0,0,2,2,0.0,0.0,0.0,0.0,1.0,0.0,0.0,142,255,1.0,0.0,0.01,0.02,0.0,0.0,0.0,0.0,normal
902,tcp,http,RSTR,59424,0,0,0,0,0,0,1,0,0,0,0,0,0,0,0,0,0,79,79,0.01,0.01,0.97,0.97,1.0,0.0,0.0,255,255,1.0,0.0,0.0,0.0,0.0,0.0,0.3,0.3,apache2
0,tcp,private,REJ,0,0,0,0,0,0,0,0,0,0,0,0,0,0,0,0,0,0,193,2,0.0,0.0,1.0,1.0,0.01,0.08,0.0,255,2,0.01,0.07,0.0,0.0,0.0,0.0,1.0,1.0,neptune
0,tcp,telnet,S0,0,0,0,0,0,0,0,0,0,0,0,0,0,0,0,0,0,0,1,5,1.0,0.2,0.0,0.4,1.0,0.0,0.6,130,85,0.34,0.02,0.01,0.02,1.0,0.52,0.0,0.24,mscan
0,tcp,http,SF,311,435,0,0,0,0,0,1,0,0,0,0,0,0,0,0,0,0,9,9,0.0,0.0,0.0,0.0,1.0,0.0,0.0,39,255,1.0,0.0,0.03,0.05,0.0,0.0,0.0,0.0,normal
0,tcp,other,REJ,0,0,0,0,0,0,0,0,0,0,0,0,0,0,0,0,0,0,511,1,0.06,0.0,0.94,1.0,0.0,1.0,0.0,255,1,0.0,1.0,0.0,0.0,0.05,0.0,0.95,1.0,saint
0,tcp,http,SF,204,2531,0,0,0,0,0,1,0,0,0,0,0,0,0,0,0,0,11,11,0.0,0.0,0.0,0.0,1.0,0.0,0.0,255,255,1.0,0.0,0.0,0.0,0.0,0.0,0.0,0.0,normal
0,tcp,nntp,S0,0,0,0,0,0,0,0,0,0,0,0,0,0,0,0,0,0,0,166,9,1.0,1.0,0.0,0.0,0.05,0.08,0.0,255,9,0.04,0.09,0.0,0.0,1.0,1.0,0.0,0.0,neptune
0,tcp,http,SF,246,1101,0,0,0,0,0,1,0,0,0,0,0,0,0,0,0,0,27,27,0.0,0.0,0.0,0.0,1.0,0.0,0.0,255,255,1.0,0.0,0.0,0.0,0.0,0.0,0.0,0.0,normal
0,tcp,nntp,RSTO,0,0,0,0,0,0,0,0,0,0,0,0,0,0,0,0,0,0,244,6,0.0,0.0,1.0,1.0,0.02,0.07,0.0,255,6,0.02,0.07,0.0,0.0,0.0,0.0,1.0,1.0,neptune
0,tcp,ftp_data,SF,192,0,0,0,0,0,0,0,0,0,0,0,0,0,0,0,0,0,2,2,0.0,0.0,0.0,0.0,1.0,0.0,0.0,96,68,0.67,0.05,0.67,0.03,0.0,0.0,0.0,0.0,normal
0,tcp,other,REJ,0,0,0,0,0,0,0,0,0,0,0,0,0,0,0,0,0,0,414,1,0.14,0.0,0.85,1.0,0.0,1.0,0.0,255,1,0.0,0.93,0.0,0.0,0.15,0.0,0.84,1.0,satan
0,udp,private,SF,46,0,0,0,0,0,0,0,0,0,0,0,0,0,0,0,0,0,2,2,0.0,0.0,0.0,0.0,1.0,0.0,0.0,255,255,1.0,0.0,0.0,0.0,0.0,0.0,0.0,0.0,snmpguess
0,tcp,nntp,RSTO,0,0,0,0,0,0,0,0,0,0,0,0,0,0,0,0,0,0,271,8,0.0,0.0,1.0,1.0,0.03,0.07,0.0,255,8,0.03,0.06,0.0,0.0,0.0,0.0,1.0,1.0,neptune
0,tcp,private,S0,0,0,0,0,0,0,0,0,0,0,0,0,0,0,0,0,0,0,122,13,1.0,1.0,0.0,0.0,0.11,0.07,0.0,255,13,0.05,0.06,0.0,0.0,1.0,1.0,0.0,0.0,neptune
0,tcp,ftp_data,SF,245,0,0,0,0,0,0,0,0,0,0,0,0,0,0,0,0,0,3,2,0.0,0.0,0.0,0.0,0.67,0.67,0.0,89,20,0.02,0.08,0.02,0.1,0.0,0.0,0.03,0.0,normal
0,icmp,ecr_i,SF,520,0,0,0,0,0,0,0,0,0,0,0,0,0,0,0,0,0,23,23,0.0,0.0,0.0,0.0,1.0,0.0,0.0,255,255,1.0,0.0,1.0,0.0,0.0,0.0,0.0,0.0,smurf
0,tcp,http,SF,312,4613,0,0,0,0,0,1,0,0,0,0,0,0,0,0,0,0,33,33,0.0,0.0,0.0,0.0,1.0,0.0,0.0,255,255,1.0,0.0,0.0,0.0,0.0,0.0,0.0,0.0,normal
0,tcp,private,S0,0,0,0,0,0,0,0,0,0,0,0,0,0,0,0,0,0,0,204,3,1.0,1.0,0.0,0.0,0.01,0.07,0.0,255,3,0.01,0.06,0.0,0.0,1.0,1.0,0.0,0.0,neptune
0,tcp,private,SH,0,0,0,0,0,0,0,0,0,0,0,0,0,0,0,0,0,0,1,1,1.0,1.0,0.0,0.0,1.0,0.0,0.0,5,1,0.2,1.0,1.0,0.0,1.0,1.0,0.0,0.0,nmap
0,tcp,ftp_data,REJ,0,0,0,0,0,0,0,0,0,0,0,0,0,0,0,0,0,0,78,18,0.0,0.0,1.0,1.0,0.23,0.05,0.0,255,58,0.23,0.08,0.01,0.0,0.0,0.0,0.99,1.0,neptune
0,tcp,sunrpc,REJ,0,0,0,0,0,0,0,0,0,0,0,0,0,0,0,0,0,0,5,2,0.0,0.0,0.8,1.0,0.2,0.8,1.0,215,2,0.01,0.03,0.0,0.0,0.0,0.0,0.06,1.0,mscan
0,tcp,http,SF,283,8153,0,0,0,0,0,1,0,0,0,0,0,0,0,0,0,0,4,4,0.0,0.0,0.0,0.0,1.0,0.0,0.0,24,255,1.0,0.0,0.04,0.02,0.0,0.0,0.0,0.0,normal
0,tcp,private,S0,0,0,0,0,0,0,0,0,0,0,0,0,0,0,0,0,0,0,122,14,0.67,0.64,0.33,0.36,0.11,0.07,0.0,255,14,0.05,0.06,0.0,0.0,0.37,0.64,0.63,0.36,neptune
0,tcp,http,SF,228,4219,0,0,0,0,0,1,0,0,0,0,0,0,0,0,0,0,13,13,0.0,0.0,0.0,0.0,1.0,0.0,0.0,34,255,1.0,0.0,0.03,0.04,0.0,0.0,0.0,0.0,normal
0,tcp,imap4,RSTO,0,44,0,0,0,0,0,0,0,0,0,0,0,0,0,0,0,0,3,4,0.0,0.0,0.67,1.0,0.33,1.0,1.0,44,60,0.25,0.11,0.02,0.03,0.05,0.02,0.77,0.97,mscan
0,tcp,ftp_data,SF,1146,0,0,0,0,0,0,0,0,0,0,0,0,0,0,0,0,0,1,1,0.0,0.0,0.0,0.0,1.0,0.0,0.0,117,54,0.14,0.03,0.14,0.04,0.0,0.0,0.0,0.0,normal
0,tcp,systat,S0,0,0,0,0,0,0,0,0,0,0,0,0,0,0,0,0,0,0,281,6,1.0,1.0,0.0,0.0,0.02,0.06,0.0,255,6,0.02,0.07,0.0,0.0,1.0,1.0,0.0,0.0,neptune
0,udp,private,SF,46,43,0,0,0,0,0,0,0,0,0,0,0,0,0,0,0,0,94,94,0.0,0.0,0.0,0.0,1.0,0.0,0.0,255,254,1.0,0.01,0.36,0.0,0.0,0.0,0.0,0.0,normal
0,icmp,ecr_i,SF,1032,0,0,0,0,0,0,0,0,0,0,0,0,0,0,0,0,0,81,81,0.0,0.0,0.0,0.0,1.0,0.0,0.0,255,255,1.0,0.0,1.0,0.0,0.0,0.0,0.0,0.0,smurf
0,udp,domain_u,SF,44,44,0,0,0,0,0,0,0,0,0,0,0,0,0,0,0,0,102,102,0.0,0.0,0.0,0.0,1.0,0.0,0.0,255,254,1.0,0.01,0.0,0.0,0.0,0.0,0.0,0.0,normal
0,tcp,http,SF,340,327,0,0,0,0,0,1,0,0,0,0,0,0,0,0,0,0,3,19,0.0,0.0,0.0,0.0,1.0,0.0,0.16,114,255,1.0,0.0,0.01,0.01,0.0,0.0,0.0,0.0,normal
0,tcp,ftp_data,SF,1010,0,0,0,0,0,0,0,0,0,0,0,0,0,0,0,0,0,2,2,0.0,0.0,0.0,0.0,1.0,0.0,0.0,60,14,0.23,0.07,0.23,0.0,0.0,0.0,0.0,0.0,normal
0,tcp,private,REJ,0,0,0,0,0,0,0,0,0,0,0,0,0,0,0,0,0,0,227,4,0.0,0.0,1.0,1.0,0.02,0.07,0.0,255,4,0.02,0.08,0.0,0.0,0.0,0.0,1.0,1.0,neptune
0,tcp,smtp,SF,4474,631,0,0,0,0,0,1,0,0,0,1,0,0,1,0,0,0,1,1,0.0,0.0,0.0,0.0,1.0,0.0,0.0,255,6,0.02,0.02,0.0,0.0,0.0,0.0,0.0,0.0,sendmail
0,tcp,ftp_data,SF,687,0,0,0,0,0,0,0,0,0,0,0,0,0,0,0,0,0,1,1,0.0,0.0,0.0,0.0,1.0,0.0,0.0,184,47,0.2,0.03,0.2,0.04,0.0,0.0,0.0,0.0,normal
0,tcp,http,SF,280,491,0,0,0,0,0,1,0,0,0,0,0,0,0,0,0,0,2,2,0.0,0.0,0.0,0.0,1.0,0.0,0.0,57,255,1.0,0.0,0.02,0.03,0.0,0.0,0.0,0.0,normal
0,tcp,http,SF,199,5200,0,0,0,0,0,1,0,0,0,0,0,0,0,0,0,0,12,13,0.0,0.0,0.0,0.0,1.0,0.0,0.15,255,255,1.0,0.0,0.0,0.0,0.0,0.0,0.0,0.0,normal
0,tcp,csnet_ns,REJ,0,0,0,0,0,0,0,0,0,0,0,0,0,0,0,0,0,0,251,3,0.0,0.0,1.0,1.0,0.01,0.06,0.0,255,3,0.01,0.06,0.0,0.0,0.0,0.0,1.0,1.0,neptune
0,tcp,http,SF,215,1534,0,0,0,0,0,1,0,0,0,0,0,0,0,0,0,0,5,5,0.0,0.0,0.0,0.0,1.0,0.0,0.0,5,255,1.0,0.0,0.2,0.07,0.0,0.0,0.0,0.0,normal
7638,tcp,telnet,SF,0,44,0,0,0,0,0,0,0,0,0,0,0,0,0,0,0,0,1,1,0.0,0.0,0.0,0.0,1.0,0.0,0.0,255,166,0.65,0.03,0.0,0.0,0.33,0.51,0.11,0.08,processtable
0,tcp,http,SF,191,12783,0,0,0,0,0,1,0,0,0,0,0,0,0,0,0,0,2,20,0.0,0.0,0.0,0.0,1.0,0.0,0.15,2,255,1.0,0.0,0.5,0.05,0.0,0.0,0.0,0.0,normal
0,tcp,http,SF,341,2315,0,0,0,0,0,1,0,0,0,0,0,0,0,0,0,0,29,32,0.0,0.0,0.0,0.0,1.0,0.0,0.12,255,255,1.0,0.0,0.0,0.0,0.0,0.0,0.0,0.0,normal
280,tcp,ftp_data,SF,283618,0,0,0,0,0,0,0,0,0,0,0,0,0,0,0,0,0,1,1,0.0,0.0,0.0,0.0,1.0,0.0,0.0,6,3,0.5,0.33,0.5,0.0,0.0,0.0,0.0,0.0,warezmaster
4,tcp,pop_3,SF,32,93,0,0,0,0,0,1,0,0,0,0,0,0,0,0,0,0,1,1,0.0,0.0,0.0,0.0,1.0,0.0,0.0,255,237,0.93,0.01,0.0,0.0,0.0,0.0,0.04,0.0,guess_passwd
